pm25_temp_correlation,pm25_humidity_correlation,temp_humidity_correlation
0.10385018261398157,-0.09218620753240699,-0.04528672515987977
